converted_training1.png,4
converted_training2.png,1
converted_training3.png,0
converted_training4.png,7
converted_training5.png,8
converted_training6.png,1
converted_training7.png,2
converted_training8.png,7
converted_training9.png,1
converted_training10.png,6
converted_training11.png,6
converted_training12.png,4
converted_training13.png,7
converted_training14.png,7
converted_training15.png,3
converted_training16.png,3
converted_training17.png,7
converted_training18.png,9
converted_training19.png,9
converted_training20.png,1
converted_training21.png,0
converted_training22.png,6
converted_training23.png,6
converted_training24.png,9
converted_training25.png,9
converted_training26.png,4
converted_training27.png,8
converted_training28.png,9
converted_training29.png,4
converted_training30.png,7
converted_training31.png,3
converted_training32.png,3
converted_training33.png,0
converted_training34.png,9
converted_training35.png,4
converted_training36.png,9
converted_training37.png,0
converted_training38.png,6
converted_training39.png,8
converted_training40.png,4
converted_training41.png,7
converted_training42.png,2
converted_training43.png,6
converted_training44.png,0
converted_training45.png,3
converted_training46.png,1
converted_training47.png,1
converted_training48.png,7
converted_training49.png,2
converted_training50.png,4
converted_training51.png,4
converted_training52.png,6
converted_training53.png,5
converted_training54.png,1
converted_training55.png,9
converted_training56.png,3
converted_training57.png,2
converted_training58.png,4
converted_training59.png,3
converted_training60.png,4
converted_training61.png,4
converted_training62.png,7
converted_training63.png,5
converted_training64.png,8
converted_training65.png,1
converted_training66.png,1
converted_training67.png,4
converted_training68.png,1
converted_training69.png,5
converted_training70.png,3
converted_training71.png,5
converted_training72.png,8
converted_training73.png,4
converted_training74.png,1
converted_training75.png,1
converted_training76.png,4
converted_training77.png,5
converted_training78.png,3
converted_training79.png,2
converted_training80.png,4
converted_training81.png,1
converted_training82.png,4
converted_training83.png,8
converted_training84.png,1
converted_training85.png,2
converted_training86.png,1
converted_training87.png,9
converted_training88.png,0
converted_training89.png,7
converted_training90.png,6
converted_training91.png,7
converted_training92.png,4
converted_training93.png,4
converted_training94.png,9
converted_training95.png,7
converted_training96.png,5
converted_training97.png,6
converted_training98.png,8
converted_training99.png,4
converted_training100.png,6
converted_training101.png,9
converted_training102.png,2
converted_training103.png,9
converted_training104.png,4
converted_training105.png,4
converted_training106.png,9
converted_training107.png,5
converted_training108.png,4
converted_training109.png,5
converted_training110.png,7
converted_training111.png,7
converted_training112.png,1
converted_training113.png,8
converted_training114.png,3
converted_training115.png,7
converted_training116.png,9
converted_training117.png,8
converted_training118.png,4
converted_training119.png,9
converted_training120.png,2
converted_training121.png,8
converted_training122.png,0
converted_training123.png,3
converted_training124.png,9
converted_training125.png,4
converted_training126.png,7
converted_training127.png,6
converted_training128.png,6
converted_training129.png,1
converted_training130.png,4
converted_training131.png,0
converted_training132.png,2
converted_training133.png,9
converted_training134.png,1
converted_training135.png,7
converted_training136.png,7
converted_training137.png,4
converted_training138.png,1
converted_training139.png,8
converted_training140.png,5
converted_training141.png,0
converted_training142.png,5
converted_training143.png,0
converted_training144.png,9
converted_training145.png,6
converted_training146.png,3
converted_training147.png,8
converted_training148.png,9
converted_training149.png,9
converted_training150.png,7
converted_training151.png,3
converted_training152.png,1
converted_training153.png,2
converted_training154.png,2
converted_training155.png,7
converted_training156.png,8
converted_training157.png,6
converted_training158.png,4
converted_training159.png,0
converted_training160.png,6
converted_training161.png,2
converted_training162.png,4
converted_training163.png,2
converted_training164.png,4
converted_training165.png,8
converted_training166.png,9
converted_training167.png,8
converted_training168.png,5
converted_training169.png,9
converted_training170.png,8
converted_training171.png,4
converted_training172.png,7
converted_training173.png,6
converted_training174.png,9
converted_training175.png,3
converted_training176.png,9
converted_training177.png,9
converted_training178.png,8
converted_training179.png,9
converted_training180.png,4
converted_training181.png,1
converted_training182.png,1
converted_training183.png,8
converted_training184.png,5
converted_training185.png,9
converted_training186.png,9
converted_training187.png,2
converted_training188.png,3
converted_training189.png,8
converted_training190.png,7
converted_training191.png,1
converted_training192.png,4
converted_training193.png,2
converted_training194.png,2
converted_training195.png,4
converted_training196.png,8
converted_training197.png,6
converted_training198.png,1
converted_training199.png,4
converted_training200.png,2
